公牛ID (Bull_ID),母牛ID (Cow_ID),后代近交系数 (Inbreeding_Coefficient)
HO840M3269404443,220057,0
HO840M3269404786,220057,0
HO840M3275375277,220057,0
HO840M3250025924,220057,0
HO840M3252198074,220057,0.01171875
HO840M3269404443,213009,0
HO840M3269404786,213009,0
HO840M3275375277,213009,0
HO840M3250025924,213009,0
HO840M3252198074,213009,0
HO840M3269404443,213050,0
HO840M3269404786,213050,0
HO840M3275375277,213050,0
HO840M3250025924,213050,0
HO840M3252198074,213050,0
HO840M3269404443,213105,0
HO840M3269404786,213105,0
HO840M3275375277,213105,0
HO840M3250025924,213105,0
HO840M3252198074,213105,0
HO840M3269404443,213341,0
HO840M3269404786,213341,0
HO840M3275375277,213341,0
HO840M3250025924,213341,0
HO840M3252198074,213341,0
HO840M3269404443,213351,0
HO840M3269404786,213351,0
HO840M3275375277,213351,0
HO840M3250025924,213351,0
HO840M3252198074,213351,0
HO840M3269404443,213356,0
HO840M3269404786,213356,0
HO840M3275375277,213356,0
HO840M3250025924,213356,0
HO840M3252198074,213356,0
HO840M3269404443,213361,0
HO840M3269404786,213361,0
HO840M3275375277,213361,0
HO840M3250025924,213361,0
HO840M3252198074,213361,0
HO840M3269404443,213375,0
HO840M3269404786,213375,0
HO840M3275375277,213375,0
HO840M3250025924,213375,0
HO840M3252198074,213375,0
HO840M3269404443,213378,0
HO840M3269404786,213378,0
HO840M3275375277,213378,0
HO840M3250025924,213378,0
HO840M3252198074,213378,0
HO840M3269404443,213402,0
HO840M3269404786,213402,0.0234375
HO840M3275375277,213402,0
HO840M3250025924,213402,0
HO840M3252198074,213402,0
HO840M3269404443,213403,0
HO840M3269404786,213403,0
HO840M3275375277,213403,0
HO840M3250025924,213403,0
HO840M3252198074,213403,0
HO840M3269404443,213431,0
HO840M3269404786,213431,0
HO840M3275375277,213431,0
HO840M3250025924,213431,0
HO840M3252198074,213431,0
HO840M3269404443,213436,0
HO840M3269404786,213436,0
HO840M3275375277,213436,0
HO840M3250025924,213436,0
HO840M3252198074,213436,0
HO840M3269404443,213567,0
HO840M3269404786,213567,0
HO840M3275375277,213567,0
HO840M3250025924,213567,0
HO840M3252198074,213567,0
HO840M3269404443,220057,0
HO840M3269404786,220057,0
HO840M3275375277,220057,0
HO840M3250025924,220057,0
HO840M3252198074,220057,0.01171875
HO840M3269404443,220200,0
HO840M3269404786,220200,0
HO840M3275375277,220200,0
HO840M3250025924,220200,0.0234375
HO840M3252198074,220200,0
HO840M3269404443,220208,0
HO840M3269404786,220208,0
HO840M3275375277,220208,0
HO840M3250025924,220208,0.0234375
HO840M3252198074,220208,0
HO840M3269404443,220218,0
HO840M3269404786,220218,0
HO840M3275375277,220218,0
HO840M3250025924,220218,0.0234375
HO840M3252198074,220218,0
HO840M3269404443,220229,0
HO840M3269404786,220229,0
HO840M3275375277,220229,0
HO840M3250025924,220229,0.0234375
HO840M3252198074,220229,0
HO840M3269404443,220232,0
HO840M3269404786,220232,0
HO840M3275375277,220232,0
HO840M3250025924,220232,0
HO840M3252198074,220232,0
HO840M3269404443,220236,0
HO840M3269404786,220236,0
HO840M3275375277,220236,0
HO840M3250025924,220236,0.0234375
HO840M3252198074,220236,0
HO840M3269404443,220245,0
HO840M3269404786,220245,0
HO840M3275375277,220245,0
HO840M3250025924,220245,0.0234375
HO840M3252198074,220245,0
HO840M3269404443,220250,0
HO840M3269404786,220250,0
HO840M3275375277,220250,0
HO840M3250025924,220250,0.0234375
HO840M3252198074,220250,0
HO840M3269404443,220251,0
HO840M3269404786,220251,0
HO840M3275375277,220251,0
HO840M3250025924,220251,0.0234375
HO840M3252198074,220251,0
HO840M3269404443,220259,0
HO840M3269404786,220259,0.0234375
HO840M3275375277,220259,0
HO840M3250025924,220259,0.0234375
HO840M3252198074,220259,0
HO840M3269404443,220267,0
HO840M3269404786,220267,0
HO840M3275375277,220267,0
HO840M3250025924,220267,0.0234375
HO840M3252198074,220267,0
HO840M3269404443,220281,0
HO840M3269404786,220281,0
HO840M3275375277,220281,0
HO840M3250025924,220281,0
HO840M3252198074,220281,0
HO840M3269404443,220284,0
HO840M3269404786,220284,0
HO840M3275375277,220284,0
HO840M3250025924,220284,0
HO840M3252198074,220284,0
HO840M3269404443,220317,0
HO840M3269404786,220317,0
HO840M3275375277,220317,0
HO840M3250025924,220317,0
HO840M3252198074,220317,0.01171875
HO840M3269404443,220320,0
HO840M3269404786,220320,0
HO840M3275375277,220320,0
HO840M3250025924,220320,0
HO840M3252198074,220320,0
HO840M3269404443,220393,0
HO840M3269404786,220393,0
HO840M3275375277,220393,0
HO840M3250025924,220393,0
HO840M3252198074,220393,0
HO840M3269404443,220758,0
HO840M3269404786,220758,0
HO840M3275375277,220758,0
HO840M3250025924,220758,0
HO840M3252198074,220758,0
HO840M3269404443,220762,0
HO840M3269404786,220762,0
HO840M3275375277,220762,0
HO840M3250025924,220762,0
HO840M3252198074,220762,0
HO840M3269404443,220763,0
HO840M3269404786,220763,0.046875
HO840M3275375277,220763,0
HO840M3250025924,220763,0
HO840M3252198074,220763,0
HO840M3269404443,220766,0
HO840M3269404786,220766,0
HO840M3275375277,220766,0
HO840M3250025924,220766,0
HO840M3252198074,220766,0
HO840M3269404443,220767,0
HO840M3269404786,220767,0.046875
HO840M3275375277,220767,0
HO840M3250025924,220767,0
HO840M3252198074,220767,0
HO840M3269404443,220770,0
HO840M3269404786,220770,0
HO840M3275375277,220770,0
HO840M3250025924,220770,0
HO840M3252198074,220770,0
HO840M3269404443,220771,0
HO840M3269404786,220771,0
HO840M3275375277,220771,0
HO840M3250025924,220771,0
HO840M3252198074,220771,0
HO840M3269404443,220773,0
HO840M3269404786,220773,0
HO840M3275375277,220773,0
HO840M3250025924,220773,0
HO840M3252198074,220773,0
HO840M3269404443,220775,0
HO840M3269404786,220775,0
HO840M3275375277,220775,0
HO840M3250025924,220775,0
HO840M3252198074,220775,0
HO840M3269404443,220776,0
HO840M3269404786,220776,0
HO840M3275375277,220776,0
HO840M3250025924,220776,0
HO840M3252198074,220776,0
HO840M3269404443,220778,0
HO840M3269404786,220778,0
HO840M3275375277,220778,0
HO840M3250025924,220778,0
HO840M3252198074,220778,0
HO840M3269404443,220781,0
HO840M3269404786,220781,0
HO840M3275375277,220781,0
HO840M3250025924,220781,0
HO840M3252198074,220781,0
HO840M3269404443,220782,0
HO840M3269404786,220782,0
HO840M3275375277,220782,0
HO840M3250025924,220782,0
HO840M3252198074,220782,0
HO840M3269404443,220783,0
HO840M3269404786,220783,0
HO840M3275375277,220783,0
HO840M3250025924,220783,0
HO840M3252198074,220783,0
HO840M3269404443,220784,0
HO840M3269404786,220784,0
HO840M3275375277,220784,0
HO840M3250025924,220784,0
HO840M3252198074,220784,0
HO840M3269404443,220793,0
HO840M3269404786,220793,0
HO840M3275375277,220793,0
HO840M3250025924,220793,0
HO840M3252198074,220793,0
HO840M3269404443,220795,0
HO840M3269404786,220795,0
HO840M3275375277,220795,0
HO840M3250025924,220795,0
HO840M3252198074,220795,0
HO840M3269404443,220802,0
HO840M3269404786,220802,0
HO840M3275375277,220802,0
HO840M3250025924,220802,0
HO840M3252198074,220802,0
HO840M3269404443,220803,0
HO840M3269404786,220803,0
HO840M3275375277,220803,0
HO840M3250025924,220803,0
HO840M3252198074,220803,0
HO840M3269404443,220804,0
HO840M3269404786,220804,0
HO840M3275375277,220804,0
HO840M3250025924,220804,0
HO840M3252198074,220804,0
HO840M3269404443,220807,0
HO840M3269404786,220807,0
HO840M3275375277,220807,0
HO840M3250025924,220807,0
HO840M3252198074,220807,0
HO840M3269404443,220809,0
HO840M3269404786,220809,0
HO840M3275375277,220809,0
HO840M3250025924,220809,0
HO840M3252198074,220809,0
HO840M3269404443,220815,0
HO840M3269404786,220815,0
HO840M3275375277,220815,0
HO840M3250025924,220815,0
HO840M3252198074,220815,0
HO840M3269404443,220820,0
HO840M3269404786,220820,0
HO840M3275375277,220820,0
HO840M3250025924,220820,0
HO840M3252198074,220820,0
HO840M3269404443,220824,0
HO840M3269404786,220824,0
HO840M3275375277,220824,0
HO840M3250025924,220824,0
HO840M3252198074,220824,0
HO840M3269404443,220827,0
HO840M3269404786,220827,0.109375
HO840M3275375277,220827,0
HO840M3250025924,220827,0
HO840M3252198074,220827,0.01171875
HO840M3269404443,220832,0
HO840M3269404786,220832,0
HO840M3275375277,220832,0
HO840M3250025924,220832,0.0234375
HO840M3252198074,220832,0
HO840M3269404443,220834,0
HO840M3269404786,220834,0
HO840M3275375277,220834,0
HO840M3250025924,220834,0
HO840M3252198074,220834,0
HO840M3269404443,220835,0
HO840M3269404786,220835,0
HO840M3275375277,220835,0
HO840M3250025924,220835,0.0234375
HO840M3252198074,220835,0
HO840M3269404443,220836,0
HO840M3269404786,220836,0
HO840M3275375277,220836,0
HO840M3250025924,220836,0
HO840M3252198074,220836,0
HO840M3269404443,220837,0
HO840M3269404786,220837,0
HO840M3275375277,220837,0
HO840M3250025924,220837,0
HO840M3252198074,220837,0
HO840M3269404443,220839,0
HO840M3269404786,220839,0
HO840M3275375277,220839,0
HO840M3250025924,220839,0
HO840M3252198074,220839,0
HO840M3269404443,220840,0
HO840M3269404786,220840,0
HO840M3275375277,220840,0
HO840M3250025924,220840,0
HO840M3252198074,220840,0
HO840M3269404443,220841,0
HO840M3269404786,220841,0
HO840M3275375277,220841,0
HO840M3250025924,220841,0
HO840M3252198074,220841,0
HO840M3269404443,220842,0
HO840M3269404786,220842,0
HO840M3275375277,220842,0
HO840M3250025924,220842,0
HO840M3252198074,220842,0
HO840M3269404443,220844,0
HO840M3269404786,220844,0.109375
HO840M3275375277,220844,0
HO840M3250025924,220844,0
HO840M3252198074,220844,0.0078125
HO840M3269404443,220845,0
HO840M3269404786,220845,0.109375
HO840M3275375277,220845,0
HO840M3250025924,220845,0
HO840M3252198074,220845,0
HO840M3269404443,220846,0
HO840M3269404786,220846,0
HO840M3275375277,220846,0
HO840M3250025924,220846,0
HO840M3252198074,220846,0
HO840M3269404443,220848,0
HO840M3269404786,220848,0
HO840M3275375277,220848,0
HO840M3250025924,220848,0
HO840M3252198074,220848,0
HO840M3269404443,220849,0
HO840M3269404786,220849,0
HO840M3275375277,220849,0
HO840M3250025924,220849,0
HO840M3252198074,220849,0
HO840M3269404443,220850,0
HO840M3269404786,220850,0.109375
HO840M3275375277,220850,0
HO840M3250025924,220850,0
HO840M3252198074,220850,0
HO840M3269404443,220852,0
HO840M3269404786,220852,0
HO840M3275375277,220852,0
HO840M3250025924,220852,0
HO840M3252198074,220852,0
HO840M3269404443,220855,0
HO840M3269404786,220855,0
HO840M3275375277,220855,0
HO840M3250025924,220855,0
HO840M3252198074,220855,0
HO840M3269404443,220856,0
HO840M3269404786,220856,0
HO840M3275375277,220856,0
HO840M3250025924,220856,0
HO840M3252198074,220856,0
HO840M3269404443,220857,0
HO840M3269404786,220857,0
HO840M3275375277,220857,0
HO840M3250025924,220857,0
HO840M3252198074,220857,0
HO840M3269404443,220858,0
HO840M3269404786,220858,0
HO840M3275375277,220858,0
HO840M3250025924,220858,0
HO840M3252198074,220858,0
HO840M3269404443,220859,0
HO840M3269404786,220859,0
HO840M3275375277,220859,0
HO840M3250025924,220859,0
HO840M3252198074,220859,0
HO840M3269404443,220862,0
HO840M3269404786,220862,0
HO840M3275375277,220862,0
HO840M3250025924,220862,0
HO840M3252198074,220862,0
HO840M3269404443,220865,0
HO840M3269404786,220865,0
HO840M3275375277,220865,0
HO840M3250025924,220865,0
HO840M3252198074,220865,0
HO840M3269404443,220866,0
HO840M3269404786,220866,0
HO840M3275375277,220866,0
HO840M3250025924,220866,0
HO840M3252198074,220866,0
HO840M3269404443,220867,0
HO840M3269404786,220867,0
HO840M3275375277,220867,0
HO840M3250025924,220867,0
HO840M3252198074,220867,0
HO840M3269404443,220868,0
HO840M3269404786,220868,0.109375
HO840M3275375277,220868,0
HO840M3250025924,220868,0
HO840M3252198074,220868,0
HO840M3269404443,220869,0
HO840M3269404786,220869,0
HO840M3275375277,220869,0
HO840M3250025924,220869,0
HO840M3252198074,220869,0
HO840M3269404443,220870,0
HO840M3269404786,220870,0.109375
HO840M3275375277,220870,0
HO840M3250025924,220870,0
HO840M3252198074,220870,0
HO840M3269404443,220871,0
HO840M3269404786,220871,0.109375
HO840M3275375277,220871,0
HO840M3250025924,220871,0
HO840M3252198074,220871,0
HO840M3269404443,220877,0
HO840M3269404786,220877,0.109375
HO840M3275375277,220877,0
HO840M3250025924,220877,0
HO840M3252198074,220877,0.0078125
HO840M3269404443,220880,0
HO840M3269404786,220880,0
HO840M3275375277,220880,0
HO840M3250025924,220880,0
HO840M3252198074,220880,0
HO840M3269404443,220883,0
HO840M3269404786,220883,0
HO840M3275375277,220883,0
HO840M3250025924,220883,0.0234375
HO840M3252198074,220883,0
HO840M3269404443,220885,0
HO840M3269404786,220885,0
HO840M3275375277,220885,0
HO840M3250025924,220885,0.0234375
HO840M3252198074,220885,0
HO840M3269404443,220886,0
HO840M3269404786,220886,0.109375
HO840M3275375277,220886,0
HO840M3250025924,220886,0
HO840M3252198074,220886,0
HO840M3269404443,220887,0
HO840M3269404786,220887,0
HO840M3275375277,220887,0
HO840M3250025924,220887,0.0234375
HO840M3252198074,220887,0
HO840M3269404443,220889,0
HO840M3269404786,220889,0
HO840M3275375277,220889,0
HO840M3250025924,220889,0
HO840M3252198074,220889,0
HO840M3269404443,220890,0
HO840M3269404786,220890,0
HO840M3275375277,220890,0
HO840M3250025924,220890,0.0234375
HO840M3252198074,220890,0
HO840M3269404443,220893,0
HO840M3269404786,220893,0
HO840M3275375277,220893,0
HO840M3250025924,220893,0.0234375
HO840M3252198074,220893,0
HO840M3269404443,220894,0
HO840M3269404786,220894,0
HO840M3275375277,220894,0
HO840M3250025924,220894,0
HO840M3252198074,220894,0
HO840M3269404443,220896,0
HO840M3269404786,220896,0
HO840M3275375277,220896,0
HO840M3250025924,220896,0
HO840M3252198074,220896,0
HO840M3269404443,220899,0
HO840M3269404786,220899,0
HO840M3275375277,220899,0
HO840M3250025924,220899,0
HO840M3252198074,220899,0
HO840M3269404443,220900,0
HO840M3269404786,220900,0
HO840M3275375277,220900,0
HO840M3250025924,220900,0.0234375
HO840M3252198074,220900,0
HO840M3269404443,220901,0
HO840M3269404786,220901,0
HO840M3275375277,220901,0
HO840M3250025924,220901,0
HO840M3252198074,220901,0
HO840M3269404443,220902,0
HO840M3269404786,220902,0
HO840M3275375277,220902,0
HO840M3250025924,220902,0.0234375
HO840M3252198074,220902,0
HO840M3269404443,220908,0
HO840M3269404786,220908,0
HO840M3275375277,220908,0
HO840M3250025924,220908,0.0234375
HO840M3252198074,220908,0
HO840M3269404443,220909,0
HO840M3269404786,220909,0
HO840M3275375277,220909,0
HO840M3250025924,220909,0
HO840M3252198074,220909,0
HO840M3269404443,220910,0
HO840M3269404786,220910,0.109375
HO840M3275375277,220910,0
HO840M3250025924,220910,0
HO840M3252198074,220910,0
HO840M3269404443,220911,0
HO840M3269404786,220911,0
HO840M3275375277,220911,0
HO840M3250025924,220911,0
HO840M3252198074,220911,0
HO840M3269404443,220912,0
HO840M3269404786,220912,0.109375
HO840M3275375277,220912,0
HO840M3250025924,220912,0
HO840M3252198074,220912,0
HO840M3269404443,220913,0
HO840M3269404786,220913,0
HO840M3275375277,220913,0
HO840M3250025924,220913,0
HO840M3252198074,220913,0
HO840M3269404443,220914,0
HO840M3269404786,220914,0
HO840M3275375277,220914,0
HO840M3250025924,220914,0
HO840M3252198074,220914,0
HO840M3269404443,220915,0
HO840M3269404786,220915,0
HO840M3275375277,220915,0
HO840M3250025924,220915,0.0234375
HO840M3252198074,220915,0
HO840M3269404443,220916,0
HO840M3269404786,220916,0
HO840M3275375277,220916,0
HO840M3250025924,220916,0.0546875
HO840M3252198074,220916,0
HO840M3269404443,220917,0
HO840M3269404786,220917,0
HO840M3275375277,220917,0
HO840M3250025924,220917,0
HO840M3252198074,220917,0
HO840M3269404443,220918,0
HO840M3269404786,220918,0
HO840M3275375277,220918,0
HO840M3250025924,220918,0
HO840M3252198074,220918,0
HO840M3269404443,220919,0
HO840M3269404786,220919,0.109375
HO840M3275375277,220919,0
HO840M3250025924,220919,0
HO840M3252198074,220919,0
HO840M3269404443,220921,0
HO840M3269404786,220921,0
HO840M3275375277,220921,0
HO840M3250025924,220921,0
HO840M3252198074,220921,0
HO840M3269404443,220922,0
HO840M3269404786,220922,0
HO840M3275375277,220922,0
HO840M3250025924,220922,0.0234375
HO840M3252198074,220922,0
HO840M3269404443,220923,0
HO840M3269404786,220923,0
HO840M3275375277,220923,0
HO840M3250025924,220923,0
HO840M3252198074,220923,0
HO840M3269404443,220926,0
HO840M3269404786,220926,0
HO840M3275375277,220926,0
HO840M3250025924,220926,0
HO840M3252198074,220926,0
HO840M3269404443,220929,0
HO840M3269404786,220929,0
HO840M3275375277,220929,0
HO840M3250025924,220929,0
HO840M3252198074,220929,0
HO840M3269404443,220931,0
HO840M3269404786,220931,0
HO840M3275375277,220931,0
HO840M3250025924,220931,0.0234375
HO840M3252198074,220931,0
HO840M3269404443,220932,0
HO840M3269404786,220932,0.046875
HO840M3275375277,220932,0
HO840M3250025924,220932,0
HO840M3252198074,220932,0
HO840M3269404443,220933,0
HO840M3269404786,220933,0
HO840M3275375277,220933,0
HO840M3250025924,220933,0.0234375
HO840M3252198074,220933,0
HO840M3269404443,220934,0
HO840M3269404786,220934,0
HO840M3275375277,220934,0
HO840M3250025924,220934,0
HO840M3252198074,220934,0
HO840M3269404443,220935,0
HO840M3269404786,220935,0.109375
HO840M3275375277,220935,0
HO840M3250025924,220935,0
HO840M3252198074,220935,0
HO840M3269404443,220938,0
HO840M3269404786,220938,0
HO840M3275375277,220938,0
HO840M3250025924,220938,0
HO840M3252198074,220938,0
HO840M3269404443,220939,0
HO840M3269404786,220939,0
HO840M3275375277,220939,0
HO840M3250025924,220939,0
HO840M3252198074,220939,0
HO840M3269404443,220941,0
HO840M3269404786,220941,0
HO840M3275375277,220941,0
HO840M3250025924,220941,0.0234375
HO840M3252198074,220941,0
HO840M3269404443,220949,0
HO840M3269404786,220949,0
HO840M3275375277,220949,0
HO840M3250025924,220949,0
HO840M3252198074,220949,0
HO840M3269404443,220952,0
HO840M3269404786,220952,0
HO840M3275375277,220952,0
HO840M3250025924,220952,0
HO840M3252198074,220952,0
HO840M3269404443,220953,0
HO840M3269404786,220953,0
HO840M3275375277,220953,0
HO840M3250025924,220953,0
HO840M3252198074,220953,0
HO840M3269404443,220958,0
HO840M3269404786,220958,0.05078125
HO840M3275375277,220958,0
HO840M3250025924,220958,0
HO840M3252198074,220958,0
HO840M3269404443,220960,0
HO840M3269404786,220960,0.046875
HO840M3275375277,220960,0
HO840M3250025924,220960,0
HO840M3252198074,220960,0
HO840M3269404443,220963,0
HO840M3269404786,220963,0.046875
HO840M3275375277,220963,0
HO840M3250025924,220963,0
HO840M3252198074,220963,0
HO840M3269404443,220964,0
HO840M3269404786,220964,0
HO840M3275375277,220964,0
HO840M3250025924,220964,0
HO840M3252198074,220964,0
HO840M3269404443,220965,0
HO840M3269404786,220965,0
HO840M3275375277,220965,0
HO840M3250025924,220965,0
HO840M3252198074,220965,0
HO840M3269404443,220967,0
HO840M3269404786,220967,0
HO840M3275375277,220967,0
HO840M3250025924,220967,0.0234375
HO840M3252198074,220967,0
HO840M3269404443,220968,0
HO840M3269404786,220968,0
HO840M3275375277,220968,0
HO840M3250025924,220968,0
HO840M3252198074,220968,0
HO840M3269404443,220969,0
HO840M3269404786,220969,0
HO840M3275375277,220969,0
HO840M3250025924,220969,0
HO840M3252198074,220969,0
HO840M3269404443,220970,0
HO840M3269404786,220970,0.046875
HO840M3275375277,220970,0
HO840M3250025924,220970,0
HO840M3252198074,220970,0
HO840M3269404443,220971,0
HO840M3269404786,220971,0
HO840M3275375277,220971,0
HO840M3250025924,220971,0
HO840M3252198074,220971,0
HO840M3269404443,220972,0
HO840M3269404786,220972,0
HO840M3275375277,220972,0
HO840M3250025924,220972,0
HO840M3252198074,220972,0
HO840M3269404443,220973,0
HO840M3269404786,220973,0
HO840M3275375277,220973,0
HO840M3250025924,220973,0
HO840M3252198074,220973,0
HO840M3269404443,220976,0
HO840M3269404786,220976,0
HO840M3275375277,220976,0
HO840M3250025924,220976,0
HO840M3252198074,220976,0
HO840M3269404443,220977,0
HO840M3269404786,220977,0.046875
HO840M3275375277,220977,0
HO840M3250025924,220977,0
HO840M3252198074,220977,0
HO840M3269404443,220978,0
HO840M3269404786,220978,0
HO840M3275375277,220978,0
HO840M3250025924,220978,0
HO840M3252198074,220978,0
HO840M3269404443,220980,0
HO840M3269404786,220980,0
HO840M3275375277,220980,0
HO840M3250025924,220980,0
HO840M3252198074,220980,0
HO840M3269404443,220981,0
HO840M3269404786,220981,0
HO840M3275375277,220981,0
HO840M3250025924,220981,0
HO840M3252198074,220981,0
HO840M3269404443,220982,0
HO840M3269404786,220982,0
HO840M3275375277,220982,0
HO840M3250025924,220982,0
HO840M3252198074,220982,0
HO840M3269404443,220983,0
HO840M3269404786,220983,0
HO840M3275375277,220983,0
HO840M3250025924,220983,0
HO840M3252198074,220983,0
HO840M3269404443,220984,0
HO840M3269404786,220984,0
HO840M3275375277,220984,0
HO840M3250025924,220984,0
HO840M3252198074,220984,0
HO840M3269404443,220985,0
HO840M3269404786,220985,0
HO840M3275375277,220985,0
HO840M3250025924,220985,0
HO840M3252198074,220985,0
HO840M3269404443,220986,0
HO840M3269404786,220986,0.046875
HO840M3275375277,220986,0
HO840M3250025924,220986,0
HO840M3252198074,220986,0
HO840M3269404443,220987,0
HO840M3269404786,220987,0
HO840M3275375277,220987,0
HO840M3250025924,220987,0
HO840M3252198074,220987,0
HO840M3269404443,220988,0
HO840M3269404786,220988,0
HO840M3275375277,220988,0
HO840M3250025924,220988,0
HO840M3252198074,220988,0
HO840M3269404443,220989,0
HO840M3269404786,220989,0
HO840M3275375277,220989,0
HO840M3250025924,220989,0
HO840M3252198074,220989,0
HO840M3269404443,220991,0
HO840M3269404786,220991,0
HO840M3275375277,220991,0
HO840M3250025924,220991,0
HO840M3252198074,220991,0
HO840M3269404443,220993,0
HO840M3269404786,220993,0
HO840M3275375277,220993,0
HO840M3250025924,220993,0
HO840M3252198074,220993,0
HO840M3269404443,220994,0
HO840M3269404786,220994,0.046875
HO840M3275375277,220994,0
HO840M3250025924,220994,0
HO840M3252198074,220994,0
HO840M3269404443,220995,0
HO840M3269404786,220995,0
HO840M3275375277,220995,0
HO840M3250025924,220995,0
HO840M3252198074,220995,0
HO840M3269404443,220996,0
HO840M3269404786,220996,0
HO840M3275375277,220996,0
HO840M3250025924,220996,0
HO840M3252198074,220996,0
HO840M3269404443,220997,0
HO840M3269404786,220997,0
HO840M3275375277,220997,0
HO840M3250025924,220997,0
HO840M3252198074,220997,0
HO840M3269404443,220998,0
HO840M3269404786,220998,0
HO840M3275375277,220998,0
HO840M3250025924,220998,0
HO840M3252198074,220998,0
HO840M3269404443,221000,0
HO840M3269404786,221000,0
HO840M3275375277,221000,0
HO840M3250025924,221000,0
HO840M3252198074,221000,0
HO840M3269404443,221001,0
HO840M3269404786,221001,0
HO840M3275375277,221001,0
HO840M3250025924,221001,0
HO840M3252198074,221001,0
HO840M3269404443,221003,0
HO840M3269404786,221003,0
HO840M3275375277,221003,0
HO840M3250025924,221003,0
HO840M3252198074,221003,0
HO840M3269404443,221005,0
HO840M3269404786,221005,0
HO840M3275375277,221005,0
HO840M3250025924,221005,0
HO840M3252198074,221005,0
HO840M3269404443,221006,0
HO840M3269404786,221006,0
HO840M3275375277,221006,0
HO840M3250025924,221006,0
HO840M3252198074,221006,0
HO840M3269404443,221010,0
HO840M3269404786,221010,0
HO840M3275375277,221010,0
HO840M3250025924,221010,0
HO840M3252198074,221010,0
HO840M3269404443,221011,0
HO840M3269404786,221011,0.046875
HO840M3275375277,221011,0
HO840M3250025924,221011,0
HO840M3252198074,221011,0
HO840M3269404443,221012,0
HO840M3269404786,221012,0
HO840M3275375277,221012,0
HO840M3250025924,221012,0
HO840M3252198074,221012,0
HO840M3269404443,221014,0
HO840M3269404786,221014,0
HO840M3275375277,221014,0
HO840M3250025924,221014,0
HO840M3252198074,221014,0
HO840M3269404443,221015,0
HO840M3269404786,221015,0
HO840M3275375277,221015,0
HO840M3250025924,221015,0
HO840M3252198074,221015,0
HO840M3269404443,221016,0
HO840M3269404786,221016,0
HO840M3275375277,221016,0
HO840M3250025924,221016,0
HO840M3252198074,221016,0
HO840M3269404443,221017,0
HO840M3269404786,221017,0
HO840M3275375277,221017,0
HO840M3250025924,221017,0
HO840M3252198074,221017,0
HO840M3269404443,221019,0
HO840M3269404786,221019,0.046875
HO840M3275375277,221019,0
HO840M3250025924,221019,0
HO840M3252198074,221019,0
HO840M3269404443,221021,0
HO840M3269404786,221021,0
HO840M3275375277,221021,0
HO840M3250025924,221021,0
HO840M3252198074,221021,0
HO840M3269404443,221026,0
HO840M3269404786,221026,0
HO840M3275375277,221026,0
HO840M3250025924,221026,0
HO840M3252198074,221026,0
HO840M3269404443,221027,0
HO840M3269404786,221027,0
HO840M3275375277,221027,0
HO840M3250025924,221027,0
HO840M3252198074,221027,0
HO840M3269404443,221028,0
HO840M3269404786,221028,0.046875
HO840M3275375277,221028,0
HO840M3250025924,221028,0
HO840M3252198074,221028,0
HO840M3269404443,221029,0
HO840M3269404786,221029,0
HO840M3275375277,221029,0
HO840M3250025924,221029,0
HO840M3252198074,221029,0
HO840M3269404443,221030,0
HO840M3269404786,221030,0
HO840M3275375277,221030,0
HO840M3250025924,221030,0
HO840M3252198074,221030,0
HO840M3269404443,221031,0
HO840M3269404786,221031,0
HO840M3275375277,221031,0
HO840M3250025924,221031,0
HO840M3252198074,221031,0
HO840M3269404443,221032,0
HO840M3269404786,221032,0
HO840M3275375277,221032,0
HO840M3250025924,221032,0
HO840M3252198074,221032,0
HO840M3269404443,221034,0.0234375
HO840M3269404786,221034,0
HO840M3275375277,221034,0
HO840M3250025924,221034,0
HO840M3252198074,221034,0
HO840M3269404443,221036,0
HO840M3269404786,221036,0.046875
HO840M3275375277,221036,0
HO840M3250025924,221036,0
HO840M3252198074,221036,0
HO840M3269404443,221037,0
HO840M3269404786,221037,0
HO840M3275375277,221037,0
HO840M3250025924,221037,0
HO840M3252198074,221037,0
HO840M3269404443,221038,0
HO840M3269404786,221038,0
HO840M3275375277,221038,0
HO840M3250025924,221038,0
HO840M3252198074,221038,0
HO840M3269404443,221040,0
HO840M3269404786,221040,0
HO840M3275375277,221040,0
HO840M3250025924,221040,0
HO840M3252198074,221040,0
HO840M3269404443,221041,0
HO840M3269404786,221041,0
HO840M3275375277,221041,0
HO840M3250025924,221041,0
HO840M3252198074,221041,0
HO840M3269404443,221042,0
HO840M3269404786,221042,0.046875
HO840M3275375277,221042,0
HO840M3250025924,221042,0
HO840M3252198074,221042,0
HO840M3269404443,221043,0
HO840M3269404786,221043,0
HO840M3275375277,221043,0
HO840M3250025924,221043,0
HO840M3252198074,221043,0
HO840M3269404443,221044,0
HO840M3269404786,221044,0
HO840M3275375277,221044,0
HO840M3250025924,221044,0
HO840M3252198074,221044,0
HO840M3269404443,221046,0
HO840M3269404786,221046,0.046875
HO840M3275375277,221046,0
HO840M3250025924,221046,0
HO840M3252198074,221046,0
HO840M3269404443,221051,0
HO840M3269404786,221051,0
HO840M3275375277,221051,0
HO840M3250025924,221051,0
HO840M3252198074,221051,0
HO840M3269404443,221055,0
HO840M3269404786,221055,0
HO840M3275375277,221055,0
HO840M3250025924,221055,0
HO840M3252198074,221055,0
HO840M3269404443,221056,0
HO840M3269404786,221056,0
HO840M3275375277,221056,0
HO840M3250025924,221056,0
HO840M3252198074,221056,0
HO840M3269404443,221057,0
HO840M3269404786,221057,0
HO840M3275375277,221057,0
HO840M3250025924,221057,0
HO840M3252198074,221057,0
HO840M3269404443,221059,0
HO840M3269404786,221059,0
HO840M3275375277,221059,0
HO840M3250025924,221059,0
HO840M3252198074,221059,0
HO840M3269404443,221060,0
HO840M3269404786,221060,0.046875
HO840M3275375277,221060,0
HO840M3250025924,221060,0
HO840M3252198074,221060,0
HO840M3269404443,221061,0
HO840M3269404786,221061,0
HO840M3275375277,221061,0
HO840M3250025924,221061,0
HO840M3252198074,221061,0
HO840M3269404443,221062,0
HO840M3269404786,221062,0
HO840M3275375277,221062,0
HO840M3250025924,221062,0
HO840M3252198074,221062,0
HO840M3269404443,221063,0
HO840M3269404786,221063,0
HO840M3275375277,221063,0
HO840M3250025924,221063,0
HO840M3252198074,221063,0
HO840M3269404443,221064,0
HO840M3269404786,221064,0.046875
HO840M3275375277,221064,0
HO840M3250025924,221064,0
HO840M3252198074,221064,0
HO840M3269404443,221065,0
HO840M3269404786,221065,0.046875
HO840M3275375277,221065,0
HO840M3250025924,221065,0
HO840M3252198074,221065,0
HO840M3269404443,221267,0
HO840M3269404786,221267,0.046875
HO840M3275375277,221267,0
HO840M3250025924,221267,0
HO840M3252198074,221267,0
HO840M3269404443,221268,0
HO840M3269404786,221268,0
HO840M3275375277,221268,0
HO840M3250025924,221268,0
HO840M3252198074,221268,0
HO840M3269404443,221269,0
HO840M3269404786,221269,0
HO840M3275375277,221269,0
HO840M3250025924,221269,0
HO840M3252198074,221269,0
HO840M3269404443,221272,0
HO840M3269404786,221272,0
HO840M3275375277,221272,0
HO840M3250025924,221272,0
HO840M3252198074,221272,0
HO840M3269404443,221273,0
HO840M3269404786,221273,0
HO840M3275375277,221273,0
HO840M3250025924,221273,0
HO840M3252198074,221273,0
HO840M3269404443,221274,0
HO840M3269404786,221274,0
HO840M3275375277,221274,0
HO840M3250025924,221274,0
HO840M3252198074,221274,0
HO840M3269404443,221275,0.046875
HO840M3269404786,221275,0
HO840M3275375277,221275,0
HO840M3250025924,221275,0.0234375
HO840M3252198074,221275,0.0703125
HO840M3269404443,221276,0
HO840M3269404786,221276,0
HO840M3275375277,221276,0
HO840M3250025924,221276,0.0234375
HO840M3252198074,221276,0
HO840M3269404443,221277,0
HO840M3269404786,221277,0.046875
HO840M3275375277,221277,0
HO840M3250025924,221277,0
HO840M3252198074,221277,0
HO840M3269404443,221278,0
HO840M3269404786,221278,0
HO840M3275375277,221278,0
HO840M3250025924,221278,0
HO840M3252198074,221278,0
HO840M3269404443,221280,0
HO840M3269404786,221280,0
HO840M3275375277,221280,0
HO840M3250025924,221280,0.0234375
HO840M3252198074,221280,0
HO840M3269404443,221281,0
HO840M3269404786,221281,0.046875
HO840M3275375277,221281,0.0234375
HO840M3250025924,221281,0
HO840M3252198074,221281,0.01171875
HO840M3269404443,221282,0
HO840M3269404786,221282,0
HO840M3275375277,221282,0
HO840M3250025924,221282,0.0234375
HO840M3252198074,221282,0
HO840M3269404443,221285,0
HO840M3269404786,221285,0
HO840M3275375277,221285,0
HO840M3250025924,221285,0
HO840M3252198074,221285,0
HO840M3269404443,221286,0
HO840M3269404786,221286,0.046875
HO840M3275375277,221286,0
HO840M3250025924,221286,0
HO840M3252198074,221286,0
HO840M3269404443,221287,0
HO840M3269404786,221287,0
HO840M3275375277,221287,0
HO840M3250025924,221287,0.0234375
HO840M3252198074,221287,0
HO840M3269404443,221289,0
HO840M3269404786,221289,0
HO840M3275375277,221289,0
HO840M3250025924,221289,0
HO840M3252198074,221289,0
HO840M3269404443,221290,0
HO840M3269404786,221290,0
HO840M3275375277,221290,0
HO840M3250025924,221290,0.0234375
HO840M3252198074,221290,0
HO840M3269404443,221291,0
HO840M3269404786,221291,0
HO840M3275375277,221291,0
HO840M3250025924,221291,0
HO840M3252198074,221291,0
HO840M3269404443,221294,0
HO840M3269404786,221294,0
HO840M3275375277,221294,0
HO840M3250025924,221294,0.0234375
HO840M3252198074,221294,0
HO840M3269404443,221296,0
HO840M3269404786,221296,0
HO840M3275375277,221296,0
HO840M3250025924,221296,0.0234375
HO840M3252198074,221296,0
HO840M3269404443,221298,0
HO840M3269404786,221298,0
HO840M3275375277,221298,0
HO840M3250025924,221298,0
HO840M3252198074,221298,0
HO840M3269404443,221300,0
HO840M3269404786,221300,0
HO840M3275375277,221300,0
HO840M3250025924,221300,0
HO840M3252198074,221300,0
HO840M3269404443,221301,0
HO840M3269404786,221301,0
HO840M3275375277,221301,0
HO840M3250025924,221301,0
HO840M3252198074,221301,0
HO840M3269404443,221303,0
HO840M3269404786,221303,0
HO840M3275375277,221303,0
HO840M3250025924,221303,0.0234375
HO840M3252198074,221303,0
HO840M3269404443,221304,0
HO840M3269404786,221304,0
HO840M3275375277,221304,0
HO840M3250025924,221304,0
HO840M3252198074,221304,0
HO840M3269404443,221305,0
HO840M3269404786,221305,0
HO840M3275375277,221305,0
HO840M3250025924,221305,0.0234375
HO840M3252198074,221305,0
HO840M3269404443,221306,0
HO840M3269404786,221306,0
HO840M3275375277,221306,0
HO840M3250025924,221306,0
HO840M3252198074,221306,0
HO840M3269404443,221309,0
HO840M3269404786,221309,0
HO840M3275375277,221309,0
HO840M3250025924,221309,0
HO840M3252198074,221309,0
HO840M3269404443,221310,0
HO840M3269404786,221310,0
HO840M3275375277,221310,0
HO840M3250025924,221310,0.0234375
HO840M3252198074,221310,0
HO840M3269404443,221311,0
HO840M3269404786,221311,0
HO840M3275375277,221311,0
HO840M3250025924,221311,0
HO840M3252198074,221311,0
HO840M3269404443,221313,0
HO840M3269404786,221313,0
HO840M3275375277,221313,0
HO840M3250025924,221313,0
HO840M3252198074,221313,0
HO840M3269404443,221314,0
HO840M3269404786,221314,0
HO840M3275375277,221314,0
HO840M3250025924,221314,0.0234375
HO840M3252198074,221314,0
HO840M3269404443,221315,0
HO840M3269404786,221315,0
HO840M3275375277,221315,0
HO840M3250025924,221315,0
HO840M3252198074,221315,0
HO840M3269404443,221319,0
HO840M3269404786,221319,0
HO840M3275375277,221319,0
HO840M3250025924,221319,0.0234375
HO840M3252198074,221319,0
HO840M3269404443,221320,0
HO840M3269404786,221320,0
HO840M3275375277,221320,0
HO840M3250025924,221320,0
HO840M3252198074,221320,0
HO840M3269404443,221324,0
HO840M3269404786,221324,0
HO840M3275375277,221324,0
HO840M3250025924,221324,0
HO840M3252198074,221324,0
HO840M3269404443,221325,0
HO840M3269404786,221325,0
HO840M3275375277,221325,0
HO840M3250025924,221325,0
HO840M3252198074,221325,0
HO840M3269404443,221327,0
HO840M3269404786,221327,0
HO840M3275375277,221327,0
HO840M3250025924,221327,0.0234375
HO840M3252198074,221327,0
HO840M3269404443,221328,0
HO840M3269404786,221328,0
HO840M3275375277,221328,0
HO840M3250025924,221328,0
HO840M3252198074,221328,0
HO840M3269404443,221332,0
HO840M3269404786,221332,0
HO840M3275375277,221332,0
HO840M3250025924,221332,0.0234375
HO840M3252198074,221332,0